accuracy,precision,recall,f1_score
0.9993328885923949,0.8061224489795918,0.8061224489795918,0.8061224489795918
